{
  "geo_cols": [
    "total_layers",
    "max_z_height_mm",
    "total_toolpath_mm",
    "extrusion_travel_ratio",
    "est_print_duration_sec",
    "path_variability",
    "bbox_x_mm",
    "bbox_y_mm",
    "aspect_ratio",
    "first_layer_toolpath_mm",
    "max_layer_toolpath_mm",
    "sparse_layer_fraction",
    "avg_feedrate_mms",
    "feedrate_cv",
    "retraction_count",
    "retraction_density"
  ],
  "min": [
    20.0,
    104.0,
    19328.80078125,
    6.075699806213379,
    579.0,
    335.948486328125,
    174.7899932861328,
    82.69000244140625,
    0.36880001425743103,
    1410.969970703125,
    3920.090087890625,
    0.0,
    33.5099983215332,
    0.6687999963760376,
    241.0,
    11.217399597167969
  ],
  "max": [
    1129.0,
    247.0,
    2829731.25,
    408.96661376953125,
    28062.0,
    20939.40234375,
    249.5800018310547,
    282.0,
    1.1125999689102173,
    6147.5400390625,
    126877.8984375,
    0.6743999719619751,
    255.19000244140625,
    1.4702999591827393,
    108592.0,
    1217.800048828125
  ]
}